<?xml version="1.0" encoding="UTF-8"?>
    <addon id="repository.ChameleonTest" name="Chameleon Test Repo" version="1.0.2" provider-name="Chameleon">
        <requires>
            <import addon="xbmc.addon" version="12.0.0"/>
        </requires>
        <extension point="xbmc.addon.repository" name="Chameleon Test Repo">
            <info compressed="false">https://raw.github.com/Chameleon2015/TestAddon/master/_repo/addons.xml</info>
            <checksum>https://raw.github.com/Chameleon2015/TestAddon/master/_repo/addons.xml.md5</checksum>
            <datadir zip="true">https://raw.github.com/Chameleon2015/TestAddon/master/_repo/</datadir>
            <hashes>false</hashes>
        </extension>
        <extension point="xbmc.addon.metadata">
            <summary>Chameleon Test Repo</summary>
            <description>Chameleon Test Repo</description>
            <platform>all</platform>
    </extension>
</addon>